{"cameraMode":{"drawMode":0,"name":"Shaded","section":"Shading Mode"},"sceneLighting":true,"audioPlay":false,"sceneViewState":{"showFog":true,"showMaterialUpdate":false,"showSkybox":true,"showFlares":true,"showImageEffects":true,"showParticleSystems":true},"in2DMode":false,"pivot":{"x":0.5169999599456787,"y":3.9700000286102297,"z":0.5789999961853027},"rotation":{"x":0.06860344856977463,"y":0.30971890687942507,"z":-0.022667819634079934,"w":0.9482529759407044},"size":2.5624892711639406,"orthographic":true}