{"cameraMode":{"drawMode":0,"name":"Shaded","section":"Shading Mode"},"sceneLighting":true,"audioPlay":false,"sceneViewState":{"showFog":true,"showMaterialUpdate":false,"showSkybox":true,"showFlares":true,"showImageEffects":true,"showParticleSystems":true},"in2DMode":false,"pivot":{"x":-2.4420695304870607,"y":3.365356206893921,"z":2.3775253295898439},"rotation":{"x":0.20875802636146546,"y":0.053761519491672519,"z":-0.01128312386572361,"w":0.9765187501907349},"size":7.046006202697754,"orthographic":false}