{"cameraMode":{"drawMode":0,"name":"Shaded","section":"Shading Mode"},"sceneLighting":true,"audioPlay":false,"sceneViewState":{"showFog":true,"showMaterialUpdate":false,"showSkybox":true,"showFlares":true,"showImageEffects":true,"showParticleSystems":true},"in2DMode":false,"pivot":{"x":0.48039552569389346,"y":1.7510712146759034,"z":-2.3778655529022219},"rotation":{"x":0.4198703467845917,"y":0.15979211032390595,"z":-0.07536238431930542,"w":0.8902465105056763},"size":5.857884883880615,"orthographic":false}