{"cameraMode":{"drawMode":0,"name":"Shaded","section":"Shading Mode"},"sceneLighting":true,"audioPlay":false,"sceneViewState":{"showFog":true,"showMaterialUpdate":false,"showSkybox":true,"showFlares":true,"showImageEffects":true,"showParticleSystems":true},"in2DMode":false,"pivot":{"x":-2.400033950805664,"y":1.7031548023223878,"z":0.41642314195632937},"rotation":{"x":-0.13712085783481599,"y":-0.25727206468582156,"z":0.037058837711811069,"w":-0.9559897184371948},"size":3.5631537437438967,"orthographic":true}