{"cameraMode":{"drawMode":0,"name":"Shaded","section":"Shading Mode"},"sceneLighting":true,"audioPlay":false,"sceneViewState":{"showFog":true,"showMaterialUpdate":false,"showSkybox":true,"showFlares":true,"showImageEffects":true,"showParticleSystems":true},"in2DMode":false,"pivot":{"x":-14.72616195678711,"y":4.534403324127197,"z":6.644084930419922},"rotation":{"x":0.14987313747406007,"y":0.7417590022087097,"z":-0.17697280645370484,"w":0.6295371651649475},"size":2.545700788497925,"orthographic":true}