{"cameraMode":{"drawMode":0,"name":"Shaded","section":"Shading Mode"},"sceneLighting":true,"audioPlay":false,"sceneViewState":{"showFog":true,"showMaterialUpdate":false,"showSkybox":true,"showFlares":true,"showImageEffects":true,"showParticleSystems":true},"in2DMode":false,"pivot":{"x":7.826372146606445,"y":1.0417776107788087,"z":-0.6809828281402588},"rotation":{"x":0.21201294660568238,"y":0.7090746164321899,"z":-0.23903243243694306,"w":0.6286581158638},"size":25.568920135498048,"orthographic":false}