{"cameraMode":{"drawMode":0,"name":"Shaded","section":"Shading Mode"},"sceneLighting":true,"audioPlay":false,"sceneViewState":{"showFog":true,"showMaterialUpdate":false,"showSkybox":true,"showFlares":true,"showImageEffects":true,"showParticleSystems":true},"in2DMode":false,"pivot":{"x":-3.9170455932617189,"y":8.290348052978516,"z":-16.975032806396486},"rotation":{"x":-0.1634492576122284,"y":0.5871721506118774,"z":-0.12221338599920273,"w":-0.783490777015686},"size":14.785431861877442,"orthographic":true}