{"cameraMode":{"drawMode":0,"name":"Shaded","section":"Shading Mode"},"sceneLighting":true,"audioPlay":false,"sceneViewState":{"showFog":true,"showMaterialUpdate":false,"showSkybox":true,"showFlares":true,"showImageEffects":true,"showParticleSystems":true},"in2DMode":false,"pivot":{"x":-2.400033950805664,"y":1.7031548023223878,"z":0.41642314195632937},"rotation":{"x":0.21646687388420106,"y":-0.37699592113494875,"z":-0.09100513905286789,"w":-0.8961130380630493},"size":3.5631537437438967,"orthographic":true}