{"cameraMode":{"drawMode":0,"name":"Shaded","section":"Shading Mode"},"sceneLighting":true,"audioPlay":false,"sceneViewState":{"showFog":true,"showMaterialUpdate":false,"showSkybox":true,"showFlares":true,"showImageEffects":true,"showParticleSystems":true},"in2DMode":false,"pivot":{"x":10.105704307556153,"y":0.8215813040733337,"z":-6.25665283203125},"rotation":{"x":-0.13712085783481599,"y":-0.25727206468582156,"z":0.037058837711811069,"w":-0.9559897184371948},"size":2.2610626220703127,"orthographic":true}