{"cameraMode":{"drawMode":0,"name":"Shaded","section":"Shading Mode"},"sceneLighting":false,"audioPlay":false,"sceneViewState":{"showFog":true,"showMaterialUpdate":false,"showSkybox":false,"showFlares":true,"showImageEffects":true,"showParticleSystems":true},"in2DMode":false,"pivot":{"x":-2.391167163848877,"y":1.8749979734420777,"z":-0.20228096842765809},"rotation":{"x":-0.13712085783481599,"y":-0.25727206468582156,"z":0.037058837711811069,"w":-0.9559897184371948},"size":22.0,"orthographic":true}