{"cameraMode":{"drawMode":0,"name":"Shaded","section":"Shading Mode"},"sceneLighting":true,"audioPlay":false,"sceneViewState":{"showFog":true,"showMaterialUpdate":false,"showSkybox":true,"showFlares":true,"showImageEffects":true,"showParticleSystems":true},"in2DMode":false,"pivot":{"x":-15.025764465332032,"y":-0.029061079025268556,"z":1.123685359954834},"rotation":{"x":-0.13712085783481599,"y":-0.25727206468582156,"z":0.037058837711811069,"w":-0.9559897184371948},"size":15.108394622802735,"orthographic":true}