{"cameraMode":{"drawMode":0,"name":"Shaded","section":"Shading Mode"},"sceneLighting":true,"audioPlay":false,"sceneViewState":{"showFog":true,"showMaterialUpdate":false,"showSkybox":true,"showFlares":true,"showImageEffects":true,"showParticleSystems":true},"in2DMode":false,"pivot":{"x":8.765642166137696,"y":-1.3129520416259766,"z":5.48745584487915},"rotation":{"x":0.3316236138343811,"y":-0.1296241134405136,"z":0.04605618119239807,"w":0.933334231376648},"size":23.927845001220704,"orthographic":false}