{"cameraMode":{"drawMode":0,"name":"Shaded","section":"Shading Mode"},"sceneLighting":true,"audioPlay":false,"sceneViewState":{"showFog":true,"showMaterialUpdate":false,"showSkybox":true,"showFlares":true,"showImageEffects":true,"showParticleSystems":true},"in2DMode":false,"pivot":{"x":5.349999904632568,"y":5.53000020980835,"z":-0.2200000137090683},"rotation":{"x":0.08276575803756714,"y":0.14063626527786256,"z":-0.011794752441346646,"w":0.9865441918373108},"size":2.8578836917877199,"orthographic":false}