{"cameraMode":{"drawMode":0,"name":"Shaded","section":"Shading Mode"},"sceneLighting":true,"audioPlay":false,"sceneViewState":{"showFog":true,"showMaterialUpdate":false,"showSkybox":true,"showFlares":true,"showImageEffects":true,"showParticleSystems":true},"in2DMode":false,"pivot":{"x":-1.934814453125,"y":5.013671875,"z":-2.19482421875},"rotation":{"x":-0.13712085783481599,"y":-0.25727206468582156,"z":0.037058837711811069,"w":-0.9559897184371948},"size":2.639418125152588,"orthographic":true}