{"cameraMode":{"drawMode":0,"name":"Shaded","section":"Shading Mode"},"sceneLighting":true,"audioPlay":false,"sceneViewState":{"showFog":true,"showMaterialUpdate":false,"showSkybox":true,"showFlares":true,"showImageEffects":true,"showParticleSystems":true},"in2DMode":false,"pivot":{"x":-3.488785982131958,"y":0.7441874742507935,"z":2.2273194789886476},"rotation":{"x":0.591152012348175,"y":0.08283091336488724,"z":-0.060959622263908389,"w":0.8000935316085815},"size":11.371052742004395,"orthographic":false}